distance,radeg,raerr,decl,decerr,RHJD,Airmass,Vphot,BVphot,UBphot,VRphot,RIphot,VIphot,Usat,Bsat,Vsat,Rsat,Isat,V,eV,B-V,eB-V,U-B,eU-B,V-R,eV-R,R-I,eR-I,V-I,eV-I,Vzero,BVzero,UBzero,VRzero,RIzero,VIzero,fieldID,source
2.3,47.0430238,0,40.9554807,0,55881.8553,1.095,0,0,0,0,0,0,0,0,0,0,0,2.138,0.001,0.004,0.001,99.999,9.999,-0.017,0.001,-0.012,0.002,-0.022,0.002,-0.001,-0.01,0,-0.031,0.04,-0.005, 0000100045,28
2.5,47.0429027,0,40.9561608,0,55882.6499,1.237,0,0,0,0,0,0,0,0,0,0,0,2.076,0.001,0.045,0.001,99.999,9.999,0.098,0.001,-0.064,0.001,0.04,0.001,-0.021,-0.038,0,-0.018,0.015,-0.015, 0000200009,28
2.5,47.0429027,0,40.9561608,0,55882.6499,1.236,0,0,0,0,0,0,0,0,0,0,0,2.06,0.001,0.061,0.001,99.999,9.999,99.999,9.999,99.999,9.999,0.024,0.001,-0.021,-0.038,0,-0.018,0.015,-0.015, 0000200009,28
3.7,47.0434603,0,40.9561322,0,55882.7938,1.016,0,0,0,0,0,0,0,0,0,0,0,2.165,0.001,-0.001,0.001,99.999,9.999,-0.007,0.001,0.061,0.001,0.044,0.001,-0.024,-0.023,0,0.008,-0.007,0.004, 0000200018,28
1.7,47.0426477,0,40.956011,0,55882.8778,1.167,0,0,0,0,0,0,0,0,0,0,0,2.2,0.001,-0.074,0.001,99.999,9.999,0,0.001,0.041,0.001,0.031,0.001,0.065,-0.044,0,0.044,0.004,0.051, 0000200007,28
3.7,47.0431226,0,40.9564645,0,55883.6099,1.47,0,0,0,0,0,0,0,0,0,0,0,3.154,0.002,0.05,0.003,99.999,9.999,0.064,0.003,0.103,0.003,0.16,0.003,-0.043,-0.041,0,-0.007,0.017,0.013, 0000100044,28
3.8,47.0431945,0,40.9564358,0,55883.6425,1.275,0,0,0,0,0,0,0,0,0,0,0,3.187,0.002,0.094,0.003,99.999,9.999,0.115,0.003,0.103,0.003,0.176,0.003,-0.018,-0.036,0,-0.019,0.006,0.024, 0000100044,28
3.7,47.0432296,0,40.956378,0,55883.6541,1.223,0,0,0,0,0,0,0,0,0,0,0,3.161,0.002,0.07,0.003,99.999,9.999,0.089,0.003,0.112,0.003,0.187,0.003,-0.029,-0.014,0,-0.001,0,0.008, 0000100044,28
3.7,47.0432296,0,40.956378,0,55883.6541,1.224,0,0,0,0,0,0,0,0,0,0,0,3.155,0.002,0.075,0.003,99.999,9.999,0.083,0.003,0.112,0.003,0.182,0.003,-0.029,-0.014,0,-0.001,0,0.008, 0000100044,28
3.8,47.0432443,0,40.9563885,0,55883.665,1.182,0,0,0,0,0,0,0,0,0,0,0,3.091,0.002,0.125,0.003,99.999,9.999,0.087,0.003,0.113,0.003,0.197,0.003,-0.021,-0.045,0,-0.015,0.01,-0.006, 0000100044,28
3.5,47.0430937,0,40.9564045,0,55883.676,1.146,0,0,0,0,0,0,0,0,0,0,0,3.018,0.002,0.084,0.003,99.999,9.999,0.086,0.003,0.094,0.003,0.19,0.003,-0.017,-0.016,0,-0.009,0.012,-0.012, 0000100044,28
3.9,47.0433503,0,40.9563244,0,55883.7092,1.066,0,0,0,0,0,0,0,0,0,0,0,2.754,0.001,0.088,0.002,99.999,9.999,0.052,0.002,0.068,0.003,0.129,0.002,-0.027,-0.033,0,0.005,0.015,0.005, 0000100044,28
3.5,47.0431628,0,40.9563243,0,55883.72,1.049,0,0,0,0,0,0,0,0,0,0,0,2.665,0.001,0.056,0.002,99.999,9.999,0.066,0.002,0.034,0.003,0.089,0.002,-0.024,-0.018,0,-0.011,0.022,0.016, 0000100044,28
3.8,47.0432391,0,40.9564081,0,55883.7307,1.035,0,0,0,0,0,0,0,0,0,0,0,2.573,0.001,0.068,0.002,99.999,9.999,0.021,0.002,0.05,0.002,0.056,0.001,-0.027,-0.03,0,0,0.023,0.032, 0000100044,28
3.9,47.0433444,0,40.9563307,0,55883.7421,1.023,0,0,0,0,0,0,0,0,0,0,0,2.511,0.001,0.04,0.002,99.999,9.999,0.059,0.001,0.012,0.001,0.093,0.001,-0.02,-0.042,0,0.002,0.031,0.005, 0000100044,28
3.9,47.0433444,0,40.9563307,0,55883.7421,1.023,0,0,0,0,0,0,0,0,0,0,0,2.488,0.001,0.063,0.002,99.999,9.999,0.036,0.001,0.012,0.001,0.07,0.001,-0.02,-0.042,0,0.002,0.031,0.005, 0000100044,28
3.5,47.0431456,0,40.9563336,0,55883.7528,1.016,0,0,0,0,0,0,0,0,0,0,0,2.445,0.001,0.042,0.001,99.999,9.999,0.039,0.001,0.042,0.001,0.073,0.001,-0.037,-0.019,0,-0.015,0.008,-0.004, 0000100044,28
2.8,47.0430471,0,40.9561577,0,55883.7746,1.01,0,0,0,0,0,0,0,0,0,0,0,2.315,0.001,0.016,0.001,99.999,9.999,0.016,0.001,0.006,0.001,0.015,0.001,-0.022,-0.032,0,0.005,0.015,0.021, 0000100044,28
1.7,47.0426373,0,40.9560317,0,55883.7861,1.012,0,0,0,0,0,0,0,0,0,0,0,2.268,0.001,0.04,0.001,99.999,9.999,-0.01,0.001,0.02,0.001,0.011,0.001,-0.015,-0.04,0,0.02,0.018,0.031, 0000100044,28
2.1,47.0428024,0,40.956081,0,55883.7967,1.017,0,0,0,0,0,0,0,0,0,0,0,2.211,0.001,0.041,0.001,99.999,9.999,-0.002,0.001,0.013,0.001,-0.007,0.001,-0.016,-0.047,0,0.009,0.01,0.031, 0000100044,28
2.2,47.0428287,0,40.9560733,0,55883.8073,1.025,0,0,0,0,0,0,0,0,0,0,0,2.208,0.001,0.047,0.001,99.999,9.999,-0.006,0.001,0.011,0.001,0,0.001,-0.038,-0.051,0,0.008,-0.028,-0.022, 0000100044,28
1.8,47.0427648,0,40.955947,0,55883.8179,1.035,0,0,0,0,0,0,0,0,0,0,0,2.164,0.001,0.023,0.001,99.999,9.999,-0.005,0.001,0.022,0.001,-0.012,0.001,-0.024,-0.044,0,-0.009,0,0.014, 0000100044,28
2.1,47.0428263,0,40.9560236,0,55883.8291,1.05,0,0,0,0,0,0,0,0,0,0,0,2.137,0.001,0.013,0.001,99.999,9.999,-0.016,0.001,0.029,0.001,0.006,0.001,0.143,0.045,0,0.106,0.064,0.172, 0000100044,28
2.1,47.0428263,0,40.9560236,0,55883.8291,1.05,0,0,0,0,0,0,0,0,0,0,0,2.123,0.001,0.028,0.001,99.999,9.999,-0.03,0.001,0.029,0.001,-0.008,0.001,0.143,0.045,0,0.106,0.064,0.172, 0000100044,28
1.6,47.0427209,0,40.9559022,0,55883.8396,1.068,0,0,0,0,0,0,0,0,0,0,0,2.132,0.001,-0.011,0.001,99.999,9.999,-0.002,0.001,0.013,0.001,-0.003,0.001,-0.027,-0.049,0,-0.011,0.013,0.01, 0000100044,28
1.6,47.0426677,0,40.9559609,0,55883.8502,1.089,0,0,0,0,0,0,0,0,0,0,0,2.141,0.001,0.021,0.001,99.999,9.999,-0.003,0.001,0.004,0.001,-0.014,0.001,-0.025,-0.051,0,-0.013,0.014,0.009, 0000100044,28
1.5,47.0426944,0,40.9559042,0,55883.8608,1.114,0,0,0,0,0,0,0,0,0,0,0,2.102,0.001,0.001,0.001,99.999,9.999,-0.024,0.001,0.015,0.001,-0.018,0.001,0.101,-0.113,0,-0.058,-0.077,-0.133, 0000100044,28
1.7,47.0427652,0,40.955895,0,55883.8722,1.146,0,0,0,0,0,0,0,0,0,0,0,2.13,0.001,0.029,0.001,99.999,9.999,-0.013,0.001,-0.005,0.001,-0.022,0.001,0.138,-0.061,0,0.135,0.051,0.184, 0000100044,28
2.1,47.0428632,0,40.9559955,0,55883.8827,1.181,0,0,0,0,0,0,0,0,0,0,0,2.13,0.001,0.024,0.001,99.999,9.999,-0.013,0.001,0.018,0.001,0.001,0.001,-0.017,-0.054,0,-0.013,-0.008,-0.023, 0000100044,28
1.8,47.0427487,0,40.9559886,0,55883.8933,1.221,0,0,0,0,0,0,0,0,0,0,0,1.986,0.001,0.121,0.001,99.999,9.999,-0.141,0.001,0.033,0.001,-0.11,0.001,0.3,-0.312,0,0.282,-0.226,0.045, 0000100044,28
1.8,47.0427487,0,40.9559886,0,55883.8933,1.22,0,0,0,0,0,0,0,0,0,0,0,2.242,0.001,-0.114,0.002,99.999,9.999,0.111,0.002,0.036,0.001,0.143,0.002,0.3,-0.312,0,0.282,-0.226,0.045, 0000100044,28
1.3,47.0426657,0,40.9557854,0,55883.9038,1.266,0,0,0,0,0,0,0,0,0,0,0,2.649,0.002,-0.077,0.003,99.999,9.999,0.495,0.002,0.004,0.001,0.506,0.002,0.254,0.128,0,0.283,0.013,0.277, 0000100044,28
1.9,47.0428305,0,40.9559575,0,55883.9151,1.322,0,0,0,0,0,0,0,0,0,0,0,2.134,0.001,0.028,0.001,99.999,9.999,-0.025,0.001,0.037,0.001,0.001,0.001,-0.019,-0.074,0,-0.028,0.004,-0.019, 0000100044,28
1.3,47.0425855,0,40.9559153,0,55883.9257,1.385,0,0,0,0,0,0,0,0,0,0,0,2.144,0.001,0.007,0.001,99.999,9.999,-0.011,0.001,-0.001,0.001,-0.005,0.001,-0.029,-0.043,0,0.003,0.011,0, 0000100044,28
1.3,47.0425855,0,40.9559153,0,55883.9257,1.385,0,0,0,0,0,0,0,0,0,0,0,2.169,0.001,-0.027,0.001,99.999,9.999,0.014,0.001,-0.001,0.001,0.02,0.001,-0.029,-0.043,0,0.003,0.011,0, 0000100044,28
1.8,47.0428676,0,40.9557655,0,55883.9363,1.457,0,0,0,0,0,0,0,0,0,0,0,2.093,0.001,0.043,0.001,99.999,9.999,-0.023,0.002,-0.098,0.003,-0.143,0.002,0.199,-0.203,0,-0.185,-0.327,-0.506, 0000100044,28
1.8,47.0428676,0,40.9557655,0,55883.9363,1.456,0,0,0,0,0,0,0,0,0,0,0,2.117,0.001,0.04,0.001,99.999,9.999,0,0.002,-0.098,0.003,-0.12,0.002,0.199,-0.203,0,-0.185,-0.327,-0.506, 0000100044,28
1.2,47.0419488,0,40.9553831,0,55883.947,1.539,0,0,0,0,0,0,0,0,0,0,0,2.216,0.002,-0.062,0.003,99.999,9.999,0.145,0.002,-0.136,0.003,-0.026,0.003,0.681,-0.261,0,0.237,-0.261,-0.008, 0000100044,28
1.2,47.0419488,0,40.9553831,0,55883.947,1.539,0,0,0,0,0,0,0,0,0,0,0,2.454,0.002,-0.305,0.003,99.999,9.999,0.383,0.003,-0.136,0.003,0.209,0.003,0.681,-0.261,0,0.237,-0.261,-0.008, 0000100044,28
1.5,47.0423479,0,40.9552455,0,55883.9582,1.64,0,0,0,0,0,0,0,0,0,0,0,2.141,0.001,0.004,0.002,99.999,9.999,-0.008,0.002,0.015,0.002,-0.01,0.002,0.2,0.06,0,-0.108,-0.501,-0.61, 0000100044,28
0.5,47.0422375,0,40.9555034,0,55883.9659,1.735,0,0,0,0,0,0,0,0,0,0,0,3.901,0.005,-1.37,0.006,99.999,9.999,1.299,0.006,99.999,9.999,99.999,9.999,1.136,-0.203,0,0.239,-0.181,0.057, 0000100044,28
1,47.0425199,0,40.9554807,0,55883.9686,1.749,0,0,0,0,0,0,0,0,0,0,0,2.578,0.003,-0.01,0.004,99.999,9.999,-0.019,0.004,0.365,0.003,0.344,0.004,1.136,-0.203,0,0.239,-0.181,0.057, 0000100044,28
0.6,47.0424081,0,40.9557454,0,55883.9792,1.883,0,0,0,0,0,0,0,0,0,0,0,2.151,0.001,0.518,0.002,99.999,9.999,0.015,0.001,0.021,0.001,0.03,0.001,0.099,0.256,0,-0.037,0.107,0.072, 0000100044,28
0.3,47.0423511,0,40.9556456,0,55883.99,2.042,0,0,0,0,0,0,0,0,0,0,0,2.299,0.001,-0.028,0.002,99.999,9.999,0.033,0.002,0.225,0.002,0.24,0.002,0.173,-0.096,0,-0.068,-0.24,-0.297, 0000100002,28
3.8,47.0432962,0,40.9563427,0,55888.6363,1.222,0,0,0,0,0,0,0,0,0,0,0,2.084,0.001,-0.007,0.001,99.999,9.999,0.044,0.001,0.014,0.001,0.045,0.001,-0.004,-0.056,0,0.017,-0.01,0.015, 0000200007,28
3.6,47.0431723,0,40.9563552,0,55888.7138,1.033,0,0,0,0,0,0,0,0,0,0,0,2.064,0.001,0.027,0.001,99.999,9.999,99.999,9.999,99.999,9.999,0.009,0.001,-0.006,-0.048,0,-0.016,0.002,0.009, 0000801969,28
3.6,47.0431723,0,40.9563552,0,55888.7138,1.033,0,0,0,0,0,0,0,0,0,0,0,2.071,0.001,0.04,0.001,99.999,9.999,0.024,0.001,0.021,0.001,0.016,0.001,-0.006,-0.048,0,-0.016,0.002,0.009, 0000801969,28
1.7,47.0426127,0,40.956041,0,55888.7787,1.016,0,0,0,0,0,0,0,1,0,0,0,2.138,0.001,-0.008,0.001,99.999,9.999,0.014,0.001,0.035,0.001,0.015,0.001,-0.009,-0.049,0,0.003,-0.013,0.019, 0000200018,28
0.5,47.0423946,0,40.9556978,0,55888.8613,1.167,0,0,0,0,0,0,0,0,0,0,0,2.155,0.001,0.015,0.001,99.999,9.999,0.032,0.001,0.043,0.001,0.049,0.001,-0.016,-0.089,0,-0.013,-0.031,-0.024, 0000200007,28
0.4,47.0423192,0,40.9557585,0,55888.9431,1.664,0,0,0,0,0,0,0,0,0,0,0,2.179,0.001,-0.055,0.001,99.999,9.999,-0.056,0.001,0.084,0.001,-0.008,0.001,0.005,-0.033,0,-0.02,0,0.01, 0000200009,28
2.8,47.0429813,0,40.9562217,0,55889.5486,1.875,0,0,0,0,0,0,0,0,0,0,0,2.218,0.001,-0.087,0.001,99.999,9.999,0.041,0.001,0,0.001,0.02,0.001,0.046,-0.052,0,-0.014,0.031,0.032, 0000800704,28
2.8,47.0429813,0,40.9562217,0,55889.5486,1.877,0,0,0,0,0,0,0,0,0,0,0,2.147,0.001,-0.016,0.001,99.999,9.999,-0.028,0.001,0,0.001,-0.049,0.001,0.046,-0.052,0,-0.014,0.031,0.032, 0000800704,28
3.4,47.042421,0,40.956599,0,55889.629,1.242,0,0,0,0,0,0,0,0,0,0,0,2.047,0.001,0.023,0.001,99.999,9.999,-0.034,0.001,-0.025,0.001,-0.051,0.001,0.108,-0.064,0,-0.023,0.045,0.008, 0000200007,28
0.6,47.042322,0,40.9558195,0,55889.7722,1.016,0,0,0,0,0,0,0,0,0,0,0,2.2,0.001,-0.058,0.001,99.999,9.999,0.014,0.001,0.011,0.001,0.003,0.001,0.079,-0.06,0,-0.025,0.033,0.024, 0000801611,28
0.5,47.0423683,0,40.9557712,0,55889.9404,1.668,0,0,0,0,0,0,0,0,0,0,0,2.347,0.001,-0.27,0.001,99.999,9.999,0.131,0.002,0.029,0.002,0.176,0.002,0.21,-0.082,0,0.017,0.058,0.054, 0007800070,28
0.5,47.0423683,0,40.9557712,0,55889.9404,1.665,0,0,0,0,0,0,0,0,0,0,0,2.222,0.001,-0.171,0.001,99.999,9.999,0.007,0.002,0.029,0.002,0.052,0.002,0.21,-0.082,0,0.017,0.058,0.054, 0007800070,28
3.4,47.0430678,0,40.9563825,0,55892.539,1.891,0,0,0,0,0,0,0,0,0,0,0,2.043,0.001,0.161,0.001,99.999,9.999,99.999,9.999,99.999,9.999,-0.02,0.001,-0.012,-0.063,0,-0.001,0.006,-0.01, 0000100037,28
3.4,47.0430678,0,40.9563825,0,55892.539,1.89,0,0,0,0,0,0,0,0,0,0,0,2.084,0.001,0.12,0.001,99.999,9.999,-0.004,0.001,0.016,0.001,0.019,0.001,-0.012,-0.063,0,-0.001,0.006,-0.01, 0000100037,28
2.7,47.0429703,0,40.9561562,0,55892.7057,1.03,0,0,0,0,0,0,0,0,0,0,0,2.089,0.001,0.031,0.001,99.999,9.999,0.003,0.001,-0.006,0.001,0.007,0.001,-0.021,-0.045,0,0.001,0.007,-0.01, 0007900001,28
0.2,47.0422534,0,40.955612,0,55892.7664,1.016,0,0,0,0,0,0,0,0,0,0,0,2.109,0.001,0.008,0.001,99.999,9.999,-0.01,0.001,0.022,0.001,-0.009,0.001,-0.023,-0.008,0,-0.039,0.026,0, 0007800015,28
3.3,47.043324,0,40.9560882,0,55892.8486,1.161,0,0,0,0,0,0,0,0,0,0,0,2.151,0.001,0.024,0.001,99.999,9.999,0.045,0.001,-0.019,0.001,-0.009,0.001,0,-0.07,0,-0.005,0.003,0.024, 0000200007,28
2.2,47.041422,0,40.955468,0,55892.9345,1.679,0,0,0,0,0,0,0,0,0,0,0,2.138,0.001,0.024,0.001,99.999,9.999,99.999,9.999,99.999,9.999,0.059,0.001,-0.019,-0.107,0,0.047,0.022,0.01, 0000800465,28
2.8,47.0429815,0,40.956219,0,55893.6166,1.247,0,0,0,0,0,0,0,0,0,0,0,2.095,0.001,0.074,0.001,99.999,9.999,-0.031,0.001,0.034,0.001,-0.027,0.001,-0.025,-0.042,0,-0.034,-0.002,-0.013, 0000200009,28
2.2,47.042616,0,40.9562215,0,55893.7027,1.03,0,0,0,0,0,0,0,0,0,0,0,2.096,0.001,0.02,0.001,99.999,9.999,-0.017,0.001,-0.002,0.001,-0.061,0.001,-0.018,-0.043,0,-0.039,0.009,0.005, 0007900001,28
1.1,47.042573,0,40.9558223,0,55893.7641,1.016,0,0,0,0,0,0,0,0,0,0,0,2.123,0.001,-0.011,0.001,99.999,9.999,-0.022,0.001,0.007,0.001,-0.021,0.001,0.003,-0.022,0,-0.024,0.027,0.001, 0007800015,28
0.6,47.0424343,0,40.9557558,0,55893.8454,1.163,0,0,0,0,0,0,0,0,0,0,0,2.044,0.001,0.041,0.001,99.999,9.999,-0.057,0.001,0.018,0.001,-0.06,0.001,0.023,0.019,0,-0.027,0.021,0.008, 0000200007,28
1.8,47.0415905,0,40.955892,0,55893.9283,1.658,0,0,0,0,0,0,0,0,0,0,0,2.12,0.001,-0.028,0.001,99.999,9.999,-0.042,0.001,0.01,0.001,-0.044,0.001,-0.002,-0.027,0,0.01,-0.002,0.012, 0007800063,28
2.6,47.042983,0,40.956115,0,55894.7588,1.015,0,0,0,0,0,0,0,0,0,0,0,2.157,0.001,-0.025,0.001,99.999,9.999,99.999,9.999,99.999,9.999,99.999,9.999,0.178,0.017,0,0,0,0, 0000100044,28
0.7,47.042234,0,40.955447,0,55894.8421,1.161,0,0,0,0,0,0,0,0,0,0,0,2.22,0.001,-0.102,0.001,99.999,9.999,99.999,9.999,99.999,9.999,99.999,9.999,-0.009,-0.014,0,0,0,0, 0000100044,28
1.8,47.041942,0,40.955206,0,55894.8433,1.164,0,0,0,0,0,0,0,0,0,0,0,2.23,0.001,-0.146,0.001,99.999,9.999,99.999,9.999,99.999,9.999,99.999,9.999,0.029,-0.043,0,0,0,0, 0000200007,28
0.8,47.04231,0,40.955429,0,55894.9262,1.664,0,0,0,0,0,0,0,0,0,0,0,2.346,0.001,-0.035,0.001,99.999,9.999,99.999,9.999,99.999,9.999,99.999,9.999,0.063,-0.142,0,0,0,0, 0000100044,28
1.2,47.042482,0,40.955956,0,55895.537,1.828,0,0,0,0,0,0,0,0,0,0,0,2.117,0.001,-0.044,0.001,99.999,9.999,0.04,0.001,0.045,0.001,0.086,0.001,-0.004,-0.034,0,0.003,0.013,0.009, 0000100044,28
3.1,47.042979,0,40.9563083,0,55895.6139,1.235,0,0,0,0,0,0,0,0,0,0,0,2.123,0.001,0.061,0.001,99.999,9.999,0.013,0.001,0.069,0.001,0.005,0.001,-0.046,-0.061,0,-0.07,0.011,0.012, 0000200009,28
3,47.0430222,0,40.9562355,0,55895.6945,1.033,0,0,0,0,0,0,0,0,0,0,0,2.07,0.001,0.059,0.001,99.999,9.999,-0.003,0.001,0.039,0.001,0.014,0.001,-0.013,-0.019,0,-0.012,-0.009,-0.006, 0007900036,28
0.8,47.0424657,0,40.9557813,0,55895.7575,1.016,0,0,0,0,0,0,0,0,0,0,0,2.072,0.001,0.05,0.001,99.999,9.999,-0.083,0.001,0.072,0.001,-0.005,0.001,-0.022,0.004,0,-0.013,-0.011,-0.036, 0007900010,28
1.6,47.0428213,0,40.9557235,0,55895.839,1.162,0,0,0,0,0,0,0,0,0,0,0,2.158,0.001,0.033,0.001,99.999,9.999,99.999,9.999,99.999,9.999,0.012,0.001,0.002,-0.048,0,0.008,0.044,0.016, 0000200007,28
1.6,47.0428213,0,40.9557235,0,55895.839,1.161,0,0,0,0,0,0,0,0,0,0,0,2.109,0.001,0.083,0.001,99.999,9.999,-0.071,0.001,0.005,0.001,-0.036,0.001,0.002,-0.048,0,0.008,0.044,0.016, 0000200007,28
3.6,47.0433998,0,40.9561248,0,55895.9228,1.66,0,0,0,0,0,0,0,0,0,0,0,2.088,0.001,0.073,0.001,99.999,9.999,-0.043,0.001,0.058,0.001,-0.021,0.001,0.013,-0.102,0,-0.001,-0.004,0.025, 0007800069,28
3.9,47.0432712,0,40.9564142,0,55896.5349,1.801,0,0,0,0,0,0,0,0,0,0,0,2.077,0.001,0.026,0.001,99.999,9.999,-0.037,0.001,-0.064,0.001,-0.095,0.001,-0.077,-0.047,0,0,0.008,-0.008, 0000100036,28
3.4,47.043071,0,40.956373,0,55896.6099,1.24,0,0,0,0,0,0,0,0,0,0,0,2.113,0.001,-0.003,0.001,99.999,9.999,0.018,0.001,-0.003,0.001,0.011,0.001,-0.062,-0.01,0,0,-0.004,-0.009, 0000200009,28
3.2,47.0432503,0,40.9560857,0,55896.6939,1.03,0,0,0,0,0,0,0,0,0,0,0,2.042,0.002,0.091,0.003,99.999,9.999,0.067,0.003,99.999,9.999,99.999,9.999,0.762,-0.273,0,0.14,0.027,0.201, 0007900001,28
1,47.042581,0,40.9556202,0,55896.7547,1.016,0,0,0,0,0,0,0,1,0,0,0,2.107,0.001,0.061,0.001,99.999,9.999,-0.013,0.002,0.009,0.002,0.037,0.001,0.065,-0.035,0,-0.1,0.111,-0.039, 0000100044,28
1.7,47.0417755,0,40.9553245,0,55896.8371,1.16,0,0,0,0,0,0,0,0,0,0,0,2.189,0.001,-0.069,0.002,99.999,9.999,0.04,0.001,0.073,0.001,0.107,0.001,0.274,-0.089,0,0.097,0.019,0.116, 0000200007,28
3.2,47.0431975,0,40.9561558,0,55896.8371,1.162,0,0,0,0,0,0,0,0,0,0,0,2.04,0.001,0.019,0.001,99.999,9.999,-0.001,0.001,-0.086,0.001,-0.094,0.001,0.274,-0.089,0,0.097,0.019,0.116, 0000200007,28
2.9,47.0430178,0,40.956199,0,55896.92,1.656,0,0,0,0,0,0,0,0,0,0,0,2.147,0.001,-0.063,0.001,99.999,9.999,0.064,0.001,0.034,0.001,0.053,0.001,-0.065,-0.024,0,-0.04,-0.028,-0.032, 0007800069,28
3.6,47.0432023,0,40.9563482,0,55905.5833,1.246,0,0,0,0,0,0,0,0,0,0,0,2.061,0.001,0.018,0.001,99.999,9.999,0,0.001,0.032,0.001,0.016,0.001,-0.034,-0.013,0,0.002,-0.015,-0.006, 0000200009,28
0.9,47.042416,0,40.9558678,0,55905.7286,1.015,0,0,0,0,0,0,0,0,0,0,0,2.144,0.001,-0.034,0.001,99.999,9.999,0.013,0.001,0.034,0.001,0.008,0.001,-0.006,-0.02,0,-0.018,0.021,0.033, 0007800015,28
2.2,47.041666,0,40.955197,0,55905.8099,1.16,0,0,0,0,0,0,0,0,0,0,0,2.201,0.001,-0.131,0.001,99.999,9.999,0.033,0.001,-0.049,0.001,-0.009,0.001,0.009,-0.051,0,-0.004,0.021,0.002, 0000100044,28
3.1,47.043104,0,40.956212,0,55905.8122,1.162,0,0,0,0,0,0,0,0,0,0,0,2.195,0.001,-0.124,0.001,99.999,9.999,0.088,0.001,-0.065,0.001,0.03,0.001,0.009,-0.051,0,-0.004,0.021,0.002, 0000100044,28
0.7,47.0424905,0,40.955674,0,55905.8931,1.655,0,0,0,0,0,0,0,0,0,0,0,2.201,0.001,-0.006,0.002,99.999,9.999,0.118,0.001,-0.126,0.001,-0.018,0.001,0.067,-0.084,0,-0.014,0.043,0.032, 0007800063,28
2.7,47.0430443,0,40.9560937,0,55910.7187,1.016,0,0,0,0,0,0,0,0,0,0,0,0.816,0.004,1.39,0.005,99.999,9.999,-0.59,0.005,0.214,0.005,-0.777,0.006,3.438,-2.198,0,0.673,-0.357,0.698, 0007800039,28
1.7,47.0428637,0,40.9557353,0,55929.6614,1.015,0,0,0,0,0,0,0,0,0,0,0,2.297,0.001,-0.03,0.001,99.999,9.999,-0.05,0.001,0.03,0.001,-0.052,0.001,-0.027,0.009,0,0.039,0.006,0.069, 0007900001,28
2.8,47.043062,0,40.9561422,0,55929.7446,1.161,0,0,0,0,0,0,0,0,0,0,0,2.179,0.001,0.018,0.001,99.999,9.999,-0.034,0.001,0.026,0.001,0.02,0.001,0.002,-0.063,0,0.018,0.033,0.014, 0000200007,28
2.8,47.043062,0,40.9561422,0,55929.7446,1.162,0,0,0,0,0,0,0,0,0,0,0,2.184,0.001,-0.004,0.001,99.999,9.999,-0.041,0.001,0.038,0.001,0.025,0.001,0.002,-0.063,0,0.018,0.033,0.014, 0000200007,28
1.3,47.0425205,0,40.9559508,0,55929.8287,1.671,0,0,0,0,0,0,0,0,0,0,0,2.184,0.001,-0.023,0.002,99.999,9.999,-0.008,0.001,0.021,0.001,0.004,0.001,0.047,-0.07,0,0.01,0.008,0.018, 0007800063,28
3.6,47.0433103,0,40.9562578,0,55929.8287,1.674,0,0,0,0,0,0,0,0,0,0,0,2.219,0.001,-0.041,0.002,99.999,9.999,0.027,0.001,99.999,9.999,99.999,9.999,0.047,-0.07,0,0.01,0.008,0.018, 0007800063,28
0.3,47.0423088,0,40.9556145,0,55930.6605,1.016,0,0,0,0,0,0,0,0,0,0,0,2.064,0.002,0.122,0.002,99.999,9.999,-0.051,0.002,0.033,0.003,-0.053,0.002,0.621,-0.044,0,0.057,0.087,0.17, 0007800039,28
2.8,47.0430196,0,40.9561476,0,55930.7421,1.163,0,0,0,0,0,0,0,0,0,0,0,2.101,0.001,-0.007,0.001,99.999,9.999,-0.017,0.001,0.024,0.001,-0.015,0.001,0.008,-0.027,0,0.001,0.012,0.025, 0000200007,28
3.2,47.0429473,0,40.9563638,0,55931.5954,1.031,0,0,0,0,0,0,0,0,0,0,0,2.063,0.001,0.012,0.001,99.999,9.999,0.008,0.001,0.024,0.001,0.016,0.001,-0.007,0.002,0,-0.004,0.038,0.037, 0000200009,28
0.6,47.042422,0,40.9555748,0,55931.6577,1.016,0,0,0,0,0,0,0,0,0,0,0,2.145,0.001,-0.02,0.001,99.999,9.999,0.031,0.001,0.034,0.001,0.047,0.001,-0.022,-0.026,0,-0.003,0.002,0.004, 0007800039,28
2.1,47.0427922,0,40.95605,0,55931.7392,1.162,0,0,0,0,0,0,0,0,0,0,0,2.156,0.001,-0.01,0.001,99.999,9.999,0.03,0.001,0.004,0.001,0.032,0.001,0.022,-0.08,0,-0.007,0.05,0.033, 0000200007,28
2.1,47.0427922,0,40.95605,0,55931.7392,1.163,0,0,0,0,0,0,0,0,0,0,0,2.126,0.001,0.005,0.001,99.999,9.999,-0.017,0.001,0.022,0.001,0.002,0.001,0.022,-0.08,0,-0.007,0.05,0.033, 0000200007,28
0.8,47.0424985,0,40.955555,0,55931.8232,1.671,0,0,0,0,0,0,0,0,0,0,0,2.163,0.001,0.011,0.002,99.999,9.999,-0.07,0.002,0.072,0.002,0,0.001,0.001,-0.021,0,-0.02,0.02,-0.013, 0007800063,28
1.2,47.041799,0,40.9558517,0,55931.8235,1.677,0,0,0,0,0,0,0,0,0,0,0,2.519,0.001,-0.402,0.001,99.999,9.999,0.302,0.002,99.999,9.999,99.999,9.999,0.001,-0.021,0,-0.02,0.02,-0.013, 0007800063,28
0.3,47.0420928,0,40.9556185,0,55932.6545,1.016,0,0,0,0,0,0,0,0,0,0,0,2.178,0.001,-0.014,0.001,99.999,9.999,-0.031,0.001,0.057,0.001,-0.006,0.001,-0.01,-0.032,0,-0.019,0.001,0.003, 0007900010,28
2.2,47.0429795,0,40.955901,0,55932.7366,1.163,0,0,0,0,0,0,0,0,0,0,0,2.159,0.001,0.077,0.001,99.999,9.999,-0.033,0.001,-0.009,0.001,-0.032,0.001,0.008,-0.062,0,0.018,0.035,0.033, 0000200007,28
1.2,47.0422738,0,40.956019,0,55932.8203,1.674,0,0,0,0,0,0,0,0,0,0,0,2.129,0.001,-0.046,0.002,99.999,9.999,-0.023,0.001,0.042,0.001,-0.014,0.001,0.02,-0.015,0,-0.005,0.004,0.02, 0007800063,28
1.2,47.0422738,0,40.956019,0,55932.8203,1.671,0,0,0,0,0,0,0,0,0,0,0,2.142,0.001,-0.056,0.002,99.999,9.999,99.999,9.999,99.999,9.999,-0.002,0.001,0.02,-0.015,0,-0.005,0.004,0.02, 0007800063,28
2.7,47.042924,0,40.9562082,0,55933.5879,1.033,0,0,0,0,0,0,0,0,0,0,0,2.073,0.001,-0.005,0.001,99.999,9.999,0.003,0.001,0.004,0.001,0.032,0.001,-0.018,-0.017,0,0.013,0.021,0.001, 0000900002,28
2.1,47.042995,0,40.9557015,0,55933.6518,1.016,0,0,0,0,0,0,0,0,0,0,0,2.13,0.001,-0.017,0.001,99.999,9.999,0,0.001,0.015,0.001,0.035,0.001,-0.024,0.004,0,-0.019,0.025,-0.022, 0007800026,28
1.3,47.042073,0,40.955292,0,55933.7315,1.162,0,0,0,0,0,0,0,0,0,0,0,2.135,0.001,-0.059,0.001,99.999,9.999,0.013,0.001,-0.056,0.001,-0.045,0.001,-0.006,-0.002,0,0.011,0.005,0.008, 0000200007,28
2.1,47.0423972,0,40.9562478,0,55933.8179,1.675,0,0,0,0,0,0,0,0,0,0,0,2.237,0.001,-0.185,0.001,99.999,9.999,0.061,0.001,-0.001,0.001,-0.003,0.001,0.021,-0.006,0,-0.02,0.001,0.035, 0007800063,28
2.3,47.0428575,0,40.9560813,0,55934.5856,1.032,0,0,0,0,0,0,0,0,0,0,0,2.079,0.001,0.102,0.001,99.999,9.999,-0.012,0.001,0.101,0.001,0.043,0.001,-0.008,-0.038,0,-0.033,-0.014,-0.01, 0000200008,28
2.3,47.0428575,0,40.9560813,0,55934.5856,1.033,0,0,0,0,0,0,0,0,0,0,0,2.118,0.001,-0.033,0.001,99.999,9.999,0.029,0.001,0.098,0.001,0.08,0.001,-0.008,-0.038,0,-0.033,-0.014,-0.01, 0000200008,28
0.1,47.0421708,0,40.9556818,0,55934.6482,1.016,0,0,0,0,0,0,0,0,0,0,0,2.16,0.001,-0.069,0.001,99.999,9.999,-0.006,0.001,0.025,0.001,0.002,0.001,-0.004,-0.034,0,0.047,-0.005,0.047, 0007800026,28
2.3,47.0429055,0,40.9560393,0,55934.7311,1.164,0,0,0,0,0,0,0,0,0,0,0,2.252,0.001,-0.111,0.001,99.999,9.999,99.999,9.999,99.999,9.999,0.059,0.001,-0.035,-0.008,0,-0.028,0.017,0.041, 0000200007,28
2.3,47.0429055,0,40.9560393,0,55934.7311,1.163,0,0,0,0,0,0,0,0,0,0,0,2.054,0.001,0.089,0.001,99.999,9.999,-0.047,0.001,-0.026,0.001,-0.138,0.001,-0.035,-0.008,0,-0.028,0.017,0.041, 0000200007,28
2.7,47.0427038,0,40.956319,0,55934.8146,1.675,0,0,0,0,0,0,0,0,0,0,0,2.105,0.001,-0.009,0.002,99.999,9.999,-0.088,0.001,0.076,0.001,-0.06,0.001,-0.004,-0.029,0,-0.031,-0.01,-0.004, 0007800063,28
2.7,47.0427038,0,40.956319,0,55934.8146,1.672,0,0,0,0,0,0,0,0,0,0,0,2.077,0.001,0.023,0.002,99.999,9.999,-0.118,0.001,0.076,0.001,-0.09,0.001,-0.004,-0.029,0,-0.031,-0.01,-0.004, 0007800063,28
3.4,47.0427766,0,40.9565342,0,55937.5798,1.03,0,0,0,0,0,0,0,0,0,0,0,2.094,0.001,-0.022,0.002,99.999,9.999,0.044,0.001,0.05,0.001,0.039,0.001,0.315,-0.032,0,-0.05,0,-0.005, 0000200009,28
0.2,47.0423053,0,40.9556897,0,55937.6385,1.015,0,0,0,0,0,0,0,0,0,0,0,2.14,0.001,-0.035,0.002,99.999,9.999,-0.027,0.002,99.999,9.999,99.999,9.999,0.293,-0.054,0,0.002,0.018,0.027, 0007900001,28
2.6,47.0429525,0,40.9561322,0,55937.6389,1.015,0,0,0,0,0,0,0,0,0,0,0,2.086,0.001,0.047,0.002,99.999,9.999,-0.104,0.002,0.041,0.002,-0.079,0.002,0.293,-0.054,0,0.002,0.018,0.027, 0007900001,28
0.3,47.042142,0,40.955595,0,55937.7245,1.167,0,0,0,0,0,0,0,0,0,0,0,2.139,0.001,-0.025,0.001,99.999,9.999,0.005,0.001,99.999,9.999,99.999,9.999,0.07,-0.04,0,-0.032,0,0.017, 0007900029,28
1.4,47.042721,0,40.9557924,0,55937.806,1.671,0,0,0,0,0,0,0,0,0,0,0,2.153,0.001,-0.073,0.001,99.999,9.999,-0.045,0.001,0.072,0.001,0.018,0.001,0.072,-0.083,0,0.001,0.007,0.007, 0000100044,28
1.4,47.042721,0,40.9557924,0,55937.806,1.674,0,0,0,0,0,0,0,0,0,0,0,2.239,0.001,-0.127,0.002,99.999,9.999,0.042,0.001,0.072,0.001,0.104,0.001,0.072,-0.083,0,0.001,0.007,0.007, 0000100044,28
2.1,47.0427612,0,40.9560797,0,55940.5688,1.033,0,0,0,0,0,0,0,0,0,0,0,2.08,0.001,-0.016,0.001,99.999,9.999,-0.02,0.001,0.029,0.001,-0.018,0.001,-0.028,0.008,0,-0.013,0.021,0.026, 0000200014,28
1.3,47.0418535,0,40.955413,0,55940.6302,1.015,0,0,0,0,0,0,0,0,0,0,0,2.132,0.001,-0.014,0.001,99.999,9.999,-0.004,0.001,-0.029,0.001,-0.05,0.001,-0.01,-0.025,0,0,0.019,0.027, 0007900036,28
1.6,47.0427153,0,40.9559175,0,55940.7144,1.164,0,0,0,0,0,0,0,0,0,0,0,2.219,0.001,-0.068,0.001,99.999,9.999,0.075,0.001,0.005,0.001,0.079,0.001,-0.013,-0.041,0,-0.03,0.016,-0.022, 0000200007,28
1.2,47.0425547,0,40.9559052,0,55940.7978,1.671,0,0,0,0,0,0,0,0,0,0,0,2.137,0.001,0.077,0.002,99.999,9.999,-0.065,0.001,-0.024,0.001,-0.1,0.001,-0.007,-0.035,0,-0.027,0.001,-0.025, 0007800063,28
0.5,47.0422643,0,40.955531,0,55944.6182,1.015,0,0,0,0,0,0,0,0,0,0,0,2.112,0.001,0.015,0.001,99.999,9.999,-0.012,0.001,0.01,0.001,-0.004,0.001,-0.016,-0.025,0,0.004,0.034,0.031, 0007900025,28
2.2,47.041994,0,40.955069,0,55944.7012,1.163,0,0,0,0,0,0,0,0,0,0,0,2.114,0.001,-0.054,0.001,99.999,9.999,0.021,0.001,-0.025,0.001,-0.062,0.001,0.008,-0.046,0,-0.003,0.027,0.073, 0000200007,28
2.3,47.0428592,0,40.956112,0,55944.7033,1.164,0,0,0,0,0,0,0,0,0,0,0,2.1,0.001,-0.008,0.001,99.999,9.999,-0.022,0.001,0.021,0.001,-0.059,0.001,0.008,-0.046,0,-0.003,0.027,0.073, 0000200007,28
1.9,47.0427655,0,40.9559865,0,55944.7866,1.672,0,0,0,0,0,0,0,0,0,0,0,2.09,0.001,-0.036,0.001,99.999,9.999,-0.017,0.001,-0.034,0.001,-0.085,0.001,0,-0.074,0,-0.01,0.019,0.033, 0007800063,28
3.4,47.0431332,0,40.9563102,0,55945.5551,1.032,0,0,0,0,0,0,0,0,0,0,0,2.059,0.001,-0.009,0.001,99.999,9.999,-0.017,0.001,0.065,0.001,0.053,0.001,0.047,-0.06,0,-0.003,-0.002,-0.016, 0000200009,28
3.4,47.0431332,0,40.9563102,0,55945.5551,1.033,0,0,0,0,0,0,0,0,0,0,0,2.078,0.001,-0.019,0.001,99.999,9.999,-0.021,0.001,0.087,0.001,0.072,0.001,0.047,-0.06,0,-0.003,-0.002,-0.016, 0000200009,28
0.1,47.0421373,0,40.95566,0,55945.6168,1.015,0,0,0,0,0,0,0,0,0,0,0,2.086,0.001,0.028,0.001,99.999,9.999,-0.065,0.001,0.06,0.001,0.022,0.001,-0.039,-0.033,0,-0.002,0.019,-0.015, 0007900028,28
2.5,47.04302,0,40.9560445,0,55945.7008,1.166,0,0,0,0,0,0,0,0,0,0,0,2.066,0.001,0.082,0.001,99.999,9.999,-0.074,0.001,0.074,0.001,-0.004,0.001,-0.017,-0.059,0,0.027,0,0.026, 0000200007,28
2,47.0427017,0,40.9560853,0,55945.7841,1.672,0,0,0,0,0,0,0,0,0,0,0,2.184,0.001,-0.058,0.001,99.999,9.999,0.045,0.001,0.023,0.001,0.066,0.001,-0.052,-0.035,0,-0.034,0.002,-0.036, 0007800063,28
3.4,47.0430393,0,40.9563933,0,55946.5529,1.031,0,0,0,0,0,0,0,0,0,0,0,2.214,0.001,0.024,0.001,99.999,9.999,0.013,0.001,-0.016,0.001,-0.007,0.001,-0.006,-0.041,0,0.037,0.014,0.047, 0000200011,28
2.1,47.0429077,0,40.9559457,0,55946.6166,1.017,0,0,0,0,0,0,0,0,0,0,0,2.675,0.001,0.056,0.002,99.999,9.999,0.033,0.002,0.018,0.003,0.045,0.002,-0.049,-0.074,0,0.015,0.008,0.021, 0007900036,28
2.1,47.0429077,0,40.9559457,0,55946.6166,1.017,0,0,0,0,0,0,0,0,0,0,0,2.64,0.001,0.099,0.002,99.999,9.999,-0.029,0.002,0.045,0.003,0.011,0.002,-0.049,-0.074,0,0.015,0.008,0.021, 0007900036,28
1.5,47.0427804,0,40.955759,0,55946.6974,1.163,0,0,0,0,0,0,0,0,0,0,0,3.239,0.002,0.122,0.003,99.999,9.999,0.135,0.003,0.071,0.003,0.141,0.003,-0.037,-0.092,0,-0.044,0.011,0.025, 0000200007,28
1.5,47.0427804,0,40.955759,0,55946.6974,1.164,0,0,0,0,0,0,0,0,0,0,0,3.234,0.002,0.164,0.003,99.999,9.999,0.109,0.003,0.093,0.003,0.138,0.003,-0.037,-0.092,0,-0.044,0.011,0.025, 0000200007,28
2.2,47.0428133,0,40.9561095,0,55946.781,1.67,0,0,0,0,0,0,0,0,0,0,0,2.818,0.002,0.171,0.003,99.999,9.999,0.069,0.003,0.085,0.003,0.136,0.003,0.004,-0.083,0,-0.03,-0.025,-0.045, 0007800063,28
2.8,47.0429788,0,40.9562065,0,55947.5629,1.02,0,0,0,0,0,0,0,0,0,0,0,2.111,0.001,-0.014,0.001,99.999,9.999,0.026,0.001,0.049,0.001,0.048,0.001,-0.041,-0.01,0,-0.009,-0.033,-0.023, 0000200009,28
2.8,47.0429788,0,40.9562065,0,55947.5629,1.02,0,0,0,0,0,0,0,0,0,0,0,2.1,0.001,-0.003,0.001,99.999,9.999,0.015,0.001,0.049,0.001,0.037,0.001,-0.041,-0.01,0,-0.009,-0.033,-0.023, 0000200009,28
0.9,47.042038,0,40.9554274,0,55947.6131,1.016,0,0,0,0,0,0,0,0,0,0,0,2.085,0.001,-0.012,0.001,99.999,9.999,-0.044,0.001,0.04,0.001,-0.024,0.001,0.001,0.016,0,0.033,0.002,0.048, 0000801743,28
0.9,47.042038,0,40.9554274,0,55947.6131,1.016,0,0,0,0,0,0,0,0,0,0,0,2.068,0.001,0.016,0.001,99.999,9.999,-0.061,0.001,0.04,0.001,-0.041,0.001,0.001,0.016,0,0.033,0.002,0.048, 0000801743,28
3.2,47.043052,0,40.956302,0,55947.6152,1.017,0,0,0,0,0,0,0,0,0,0,0,2.102,0.001,-0.018,0.001,99.999,9.999,-0.023,0.001,0.043,0.001,0,0.001,0.001,0.016,0,0.033,0.002,0.048, 0000801743,28
1.1,47.0425388,0,40.9558612,0,55947.6948,1.164,0,0,0,0,0,0,0,0,0,0,0,2.095,0.001,-0.016,0.001,99.999,9.999,-0.006,0.001,0.038,0.001,-0.021,0.001,0.004,-0.036,0,-0.009,-0.009,0.028, 0000200007,28
2.8,47.0428572,0,40.956284,0,55947.7771,1.664,0,0,0,0,0,0,0,0,0,0,0,2.126,0.001,0.078,0.001,99.999,9.999,-0.015,0.001,-0.016,0.001,-0.027,0.001,0.005,-0.084,0,0.01,0.021,0.019, 0007800057,28
2.8,47.0428572,0,40.956284,0,55947.7771,1.66,0,0,0,0,0,0,0,0,0,0,0,2.096,0.001,0.071,0.002,99.999,9.999,-0.046,0.001,-0.016,0.001,-0.058,0.001,0.005,-0.084,0,0.01,0.021,0.019, 0007800057,28
0.6,47.042454,0,40.9557142,0,55952.5982,1.016,0,0,0,0,0,0,0,0,0,0,0,2.285,0.001,-0.038,0.001,99.999,9.999,-0.011,0.001,0.023,0.001,0.007,0.001,-0.015,-0.01,0,-0.005,0.012,0.005, 0000900002,28
3.7,47.0431125,0,40.9564475,0,55952.5983,1.016,0,0,0,0,0,0,0,0,0,0,0,2.283,0.001,-0.067,0.001,99.999,9.999,0.021,0.001,-0.004,0.001,0.01,0.001,-0.015,-0.01,0,-0.005,0.012,0.005, 0000900002,28
2.2,47.0429452,0,40.9559723,0,55952.6812,1.164,0,0,0,0,0,0,0,0,0,0,0,2.129,0.001,0.002,0.001,99.999,9.999,-0.051,0.001,0.012,0.001,-0.041,0.001,-0.001,-0.019,0,0.008,0.015,0.018, 0007900029,28
0.9,47.042413,0,40.955453,0,55952.7657,1.675,0,0,0,0,0,0,0,0,0,0,0,2.158,0.001,-0.018,0.002,99.999,9.999,0.03,0.001,-0.001,0.001,-0.049,0.001,-0.018,-0.018,0,-0.037,-0.009,0.024, 0007800057,28
1.6,47.0427856,0,40.9557874,0,55953.5966,1.016,0,0,0,0,0,0,0,0,0,0,0,2.12,0.001,-0.032,0.001,99.999,9.999,-0.046,0.001,0.05,0.001,0.01,0.001,-0.014,-0.004,0,0.014,0.011,0.012, 0000900001,28
1.6,47.0427856,0,40.9557874,0,55953.5966,1.016,0,0,0,0,0,0,0,0,0,0,0,2.1,0.001,0.014,0.001,99.999,9.999,-0.065,0.001,0.05,0.001,-0.009,0.001,-0.014,-0.004,0,0.014,0.011,0.012, 0000900001,28
2.9,47.0431003,0,40.9561463,0,55953.6778,1.164,0,0,0,0,0,0,0,0,0,0,0,2.137,0.001,0.034,0.001,99.999,9.999,-0.02,0.001,0.065,0.001,0.033,0.001,-0.031,-0.04,0,-0.025,0.016,-0.003, 0000200007,28
0.8,47.0424894,0,40.9557534,0,55953.7625,1.681,0,0,0,0,0,0,0,0,0,0,0,2.192,0.001,-0.068,0.001,99.999,9.999,0.001,0.001,0.04,0.001,0.028,0.001,0,-0.055,0,-0.005,0.007,0.007, 0007800057,28
0.8,47.0424892,0,40.955569,0,55955.5901,1.016,0,0,0,0,0,0,0,0,0,0,0,2.137,0.001,0.018,0.001,99.999,9.999,-0.023,0.001,0.032,0.001,-0.007,0.001,-0.029,-0.016,0,-0.006,0.004,0.006, 0000100045,28
2.9,47.0431902,0,40.9560168,0,55955.6729,1.167,0,0,0,0,0,0,0,0,0,0,0,2.168,0.001,-0.062,0.001,99.999,9.999,-0.01,0.001,0.053,0.001,0.018,0.001,0.014,-0.026,0,-0.008,0.001,0.011, 0007900029,28
2.9,47.0431902,0,40.9560168,0,55955.6729,1.167,0,0,0,0,0,0,0,0,0,0,0,2.147,0.001,-0.081,0.001,99.999,9.999,-0.056,0.001,0.078,0.001,-0.002,0.001,0.014,-0.026,0,-0.008,0.001,0.011, 0007900029,28
1.2,47.0425782,0,40.9558592,0,55955.7555,1.677,0,0,0,0,0,0,0,0,0,0,0,2.144,0.001,-0.006,0.002,99.999,9.999,-0.081,0.001,0.101,0.001,0.011,0.001,0.037,-0.039,0,0.024,-0.037,-0.009, 0007800057,28
1.1,47.0424953,0,40.955909,0,55956.5889,1.017,0,0,0,0,0,0,0,0,0,0,0,2.137,0.001,0.011,0.001,99.999,9.999,-0.003,0.001,0.037,0.001,0.045,0.001,-0.011,-0.031,0,0.012,-0.001,-0.008, 0000900002,28
3.1,47.041127,0,40.955384,0,55956.6714,1.169,0,0,0,0,0,0,0,0,0,0,0,2.198,0.001,-0.035,0.001,99.999,9.999,99.999,9.999,99.999,9.999,99.999,9.999,0.012,-0.051,0,-0.004,0.002,0.045, 0007800039,28
2.9,47.0425593,0,40.9564473,0,55956.7536,1.676,0,0,0,0,0,0,0,0,0,0,0,2.224,0.001,0.006,0.002,99.999,9.999,0.032,0.002,-0.056,0.002,-0.057,0.001,0,-0.054,0,-0.042,0.051,0.033, 0000100044,28
0.6,47.0423567,0,40.955814,0,55957.5833,1.016,0,0,0,0,0,0,0,0,0,0,0,2.119,0.001,-0.007,0.001,99.999,9.999,-0.009,0.001,0.052,0.001,0.019,0.001,-0.014,-0.042,0,0.01,-0.015,0.011, 0000100045,28
0.6,47.0423567,0,40.955814,0,55957.5833,1.016,0,0,0,0,0,0,0,0,0,0,0,2.146,0.001,-0.033,0.001,99.999,9.999,0.017,0.001,0.052,0.001,0.045,0.001,-0.014,-0.042,0,0.01,-0.015,0.011, 0000100045,28
3.1,47.0430867,0,40.956237,0,55957.6664,1.163,0,0,0,0,0,0,0,1,0,0,0,2.145,0.001,0.047,0.001,99.999,9.999,-0.02,0.001,0.02,0.001,-0.003,0.001,-0.03,-0.072,0,0.007,0.019,0.021, 0000200007,28
3.1,47.0430867,0,40.956237,0,55957.6664,1.164,0,0,0,0,0,0,0,1,0,0,0,2.161,0.001,0.031,0.001,99.999,9.999,-0.005,0.001,0.02,0.001,0.013,0.001,-0.03,-0.072,0,0.007,0.019,0.021, 0000200007,28
1.4,47.0426613,0,40.9558737,0,55957.7504,1.674,0,0,0,0,0,0,0,0,0,0,0,2.221,0.001,0.036,0.002,99.999,9.999,99.999,9.999,99.999,9.999,0.131,0.001,0.001,-0.045,0,-0.014,0.009,-0.027, 0007800020,28
2.3,47.0429553,0,40.955982,0,55958.5789,1.015,0,0,0,0,0,0,0,0,0,0,0,1.931,0.001,0.246,0.002,99.999,9.999,-0.168,0.002,0.088,0.003,-0.102,0.002,0.576,-0.334,0,0.033,-0.243,-0.2, 0000100045,28
2.3,47.0429553,0,40.955982,0,55958.5789,1.015,0,0,0,0,0,0,0,0,0,0,0,2.145,0.002,0.038,0.002,99.999,9.999,0.104,0.002,0.023,0.003,0.103,0.002,0.576,-0.334,0,0.033,-0.243,-0.2, 0000100045,28
1.9,47.0426123,0,40.9560982,0,55958.7456,1.658,0,0,0,0,0,0,0,0,0,0,0,2.207,0.001,-0.165,0.001,99.999,9.999,0.234,0.001,0.036,0.002,0.284,0.002,0.068,-0.031,0,-0.156,-0.043,-0.222, 0000100044,28
2,47.0429288,0,40.955518,0,55959.5907,1.025,0,0,0,0,0,0,0,0,0,0,0,2.181,0.001,-0.04,0.002,99.999,9.999,-0.008,0.002,0.075,0.002,0.038,0.002,0.304,-0.025,0,0.087,-0.093,0.014, 0000100045,28
3.1,47.043244,0,40.9560318,0,55959.661,1.164,0,0,0,0,0,0,0,0,0,0,0,2.2,0.001,-0.063,0.002,99.999,9.999,99.999,9.999,99.999,9.999,-0.003,0.002,0.258,0.032,0,0.009,0.044,0.039, 0000200007,28
3.4,47.043272,0,40.9561677,0,55959.7444,1.671,0,0,0,0,0,0,0,0,0,0,0,2.158,0.001,-0.042,0.001,99.999,9.999,0.053,0.001,-0.003,0.001,0.012,0.001,0.028,-0.064,0,-0.044,0.03,0.016, 0007800039,28
0.9,47.0425168,0,40.9557794,0,55960.5773,1.017,0,0,0,0,0,0,0,0,0,0,0,2.115,0.001,0.044,0.001,99.999,9.999,0.004,0.001,0.002,0.001,-0.013,0.001,-0.028,-0.058,0,-0.006,0.027,0.031, 0000100045,28
2.4,47.0429092,0,40.9560813,0,55960.6578,1.164,0,0,0,0,0,0,0,0,0,0,0,2.117,0.001,0.004,0.001,99.999,9.999,0.041,0.001,-0.048,0.001,-0.043,0.001,-0.022,-0.073,0,-0.019,0.022,0.029, 0000200007,28
3,47.04111,0,40.955809,0,55960.6589,1.163,0,0,0,0,0,0,0,0,0,0,0,2.122,0.001,0.064,0.001,99.999,9.999,0.062,0.001,99.999,9.999,99.999,9.999,-0.022,-0.073,0,-0.019,0.022,0.029, 0000200007,28
3.9,47.0434152,0,40.9562822,0,55960.7419,1.68,0,0,0,0,0,0,0,0,0,0,0,2.197,0.001,0.101,0.002,99.999,9.999,-0.207,0.002,0.24,0.002,0.021,0.001,-0.013,-0.074,0,0.002,0.001,0.013, 0007900004,28
0.8,47.041897,0,40.955606,0,55960.7439,1.683,0,0,0,0,0,0,0,0,0,0,0,2.201,0.001,-0.029,0.001,99.999,9.999,0.019,0.001,-0.04,0.001,-0.042,0.001,-0.013,-0.074,0,0.002,0.001,0.013, 0007900004,28
1.5,47.0427245,0,40.9558543,0,55963.7339,1.681,0,0,0,0,0,0,0,0,0,0,0,2.182,0.001,0.004,0.002,99.999,9.999,-0.015,0.001,99.999,9.999,99.999,9.999,0.002,-0.042,0,-0.004,0.026,0.008, 0000801743,28
3.3,47.0432548,0,40.9561645,0,55963.7339,1.678,0,0,0,0,0,0,0,0,0,0,0,2.182,0.001,0.006,0.002,99.999,9.999,-0.017,0.001,0.012,0.001,0.001,0.001,0.002,-0.042,0,-0.004,0.026,0.008, 0000801743,28
3.1,47.0431072,0,40.9562073,0,55968.6498,1.214,0,0,0,0,0,0,0,0,0,0,0,2.106,0.001,-0.016,0.001,99.999,9.999,0,0.001,0.035,0.001,0.014,0.001,-0.026,-0.03,0,0.023,-0.028,0.009, 0004700003,28
3.1,47.0431072,0,40.9562073,0,55968.6498,1.216,0,0,0,0,0,0,0,0,0,0,0,2.067,0.001,0.025,0.001,99.999,9.999,-0.045,0.001,0.042,0.001,-0.024,0.001,-0.026,-0.03,0,0.023,-0.028,0.009, 0004700003,28
2.1,47.0429858,0,40.9557618,0,55968.7206,1.686,0,0,0,0,0,0,0,0,0,0,0,2.126,0.001,-0.046,0.001,99.999,9.999,99.999,9.999,99.999,9.999,-0.009,0.001,-0.072,0.022,0,-0.01,0.036,0.014, 0007900025,28
2.1,47.0429858,0,40.9557618,0,55968.7206,1.686,0,0,0,0,0,0,0,0,0,0,0,2.159,0.001,0.038,0.001,99.999,9.999,0.034,0.001,-0.013,0.001,0.026,0.001,-0.072,0.022,0,-0.01,0.036,0.014, 0007900025,28
1.3,47.0426685,0,40.9558075,0,55971.6407,1.212,0,0,0,0,0,0,0,0,0,0,0,2.024,0.001,0.198,0.001,99.999,9.999,-0.103,0.001,0.076,0.001,-0.025,0.001,-0.001,-0.058,0,0.054,-0.021,0.024, 0000100044,28
1.3,47.0426685,0,40.9558075,0,55971.6407,1.214,0,0,0,0,0,0,0,0,0,0,0,2.034,0.001,0.094,0.001,99.999,9.999,0.044,0.001,-0.062,0.001,-0.016,0.001,-0.001,-0.058,0,0.054,-0.021,0.024, 0000100044,28
0.2,47.0422893,0,40.9556513,0,55971.7119,1.679,0,0,0,0,0,0,0,0,0,0,0,2.092,0.001,-0.017,0.001,99.999,9.999,-0.043,0.001,0.019,0.001,-0.067,0.001,-0.02,-0.019,0,0.024,-0.02,0.039, 0007900029,28
1.6,47.0427795,0,40.9558447,0,55976.6974,1.679,0,0,0,0,0,0,0,0,0,0,0,2.12,0.001,-0.017,0.001,99.999,9.999,-0.055,0.001,0.057,0.001,-0.018,0.001,-0.015,-0.094,0,0.018,0.003,0.035, 0007900027,28
2.8,47.0426028,0,40.9563862,0,55978.6239,1.224,0,0,0,0,0,0,0,0,0,0,0,2.102,0.001,0.08,0.001,99.999,9.999,-0.056,0.001,0.049,0.001,-0.038,0.001,-0.035,-0.058,0,0.009,-0.003,0.032, 0000100045,28
1,47.042459,0,40.9558847,0,55978.6247,1.226,0,0,0,0,0,0,0,0,0,0,0,2.046,0.001,0.115,0.001,99.999,9.999,-0.11,0.001,99.999,9.999,99.999,9.999,-0.035,-0.058,0,0.009,-0.003,0.032, 0000100045,28
0.4,47.0423203,0,40.9555763,0,55978.6927,1.68,0,0,0,0,0,0,0,0,0,0,0,2.111,0.001,0.003,0.001,99.999,9.999,-0.08,0.001,0.056,0.001,-0.039,0.001,-0.043,-0.044,0,0.005,0.01,0.025, 0007900025,28
1.9,47.0428827,0,40.9558487,0,55980.686,1.678,0,0,0,0,0,0,0,0,0,0,0,2.141,0.001,-0.046,0.001,99.999,9.999,-0.119,0.001,0.114,0.001,-0.06,0.001,-0.062,0.008,0,-0.03,-0.012,0.009, 0007900027,28
2.3,47.0428605,0,40.9561088,0,55983.6065,1.208,0,0,0,0,0,0,0,0,0,0,0,2.109,0.001,0.005,0.001,99.999,9.999,-0.03,0.001,0.004,0.001,-0.015,0.001,-0.015,-0.042,0,0.048,0.007,0.04, 0000100045,28
2.3,47.042445,0,40.9562916,0,55983.6782,1.687,0,0,0,0,0,0,0,0,0,0,0,2.11,0.001,0.1,0.001,99.999,9.999,-0.029,0.001,-0.001,0.001,-0.039,0.001,-0.027,-0.038,0,-0.007,0.034,0.033, 0007900027,28
2.3,47.042445,0,40.9562916,0,55983.6782,1.684,0,0,0,0,0,0,0,0,0,0,0,2.153,0.001,0.011,0.002,99.999,9.999,0.01,0.001,0.004,0.001,0.004,0.001,-0.027,-0.038,0,-0.007,0.034,0.033, 0007900027,28
1.1,47.042649,0,40.955683,0,55984.6061,1.212,0,0,0,0,0,0,0,0,0,0,0,2.064,0.001,0.084,0.001,99.999,9.999,-0.03,0.001,0.035,0.001,-0.008,0.001,0.054,-0.04,0,0.009,0.013,0.03, 0000100044,28
2.7,47.0429912,0,40.9561483,0,55984.6764,1.694,0,0,0,0,0,0,0,0,0,0,0,2.085,0.001,0.081,0.002,99.999,9.999,-0.064,0.002,0.029,0.003,-0.042,0.002,0.26,0.029,0,-0.008,-0.065,-0.073, 0007900027,28
1.8,47.0427407,0,40.9559725,0,55986.6001,1.217,0,0,0,0,0,0,0,0,0,0,0,2.119,0.001,0.023,0.001,99.999,9.999,-0.024,0.001,0.055,0.001,0.018,0.001,-0.028,-0.032,0,0,-0.018,-0.009, 0000100045,28
2.2,47.0429243,0,40.9559665,0,55986.671,1.692,0,0,0,0,0,0,0,0,0,0,0,2.208,0.001,0.124,0.002,99.999,9.999,0.062,0.001,-0.02,0.001,0.033,0.001,-0.086,-0.087,0,-0.03,0.015,-0.011, 0007900027,28
3.8,47.043473,0,40.9561636,0,55987.5843,1.17,0,0,0,0,0,0,0,0,0,0,0,2.143,0.001,-0.048,0.002,99.999,9.999,-0.042,0.001,0.063,0.001,0.024,0.001,0.161,-0.005,0,0.036,0.032,0.058, 0000100045,28
1.9,47.041614,0,40.955381,0,55987.5864,1.17,0,0,0,0,0,0,0,0,0,0,0,2.138,0.001,0.036,0.002,99.999,9.999,-0.049,0.001,0.079,0.001,0.032,0.001,0.161,-0.005,0,0.036,0.032,0.058, 0000100045,28
1.1,47.0426415,0,40.9556225,0,55987.6675,1.685,0,0,0,0,0,0,0,0,0,0,0,2.186,0.001,0.026,0.002,99.999,9.999,-0.084,0.002,0.155,0.002,0.052,0.001,0.164,-0.04,0,-0.016,0.047,0.043, 0007900027,28
1.5,47.0421955,0,40.9552435,0,55989.6608,1.674,0,0,0,0,0,0,0,0,0,0,0,3.102,0.002,0.016,0.004,99.999,9.999,99.999,9.999,99.999,9.999,99.999,9.999,0.505,-0.339,0,0.153,0.022,0.159, 0007900028,28
3.8,47.0435295,0,40.9560812,0,55990.6579,1.671,0,0,0,0,0,0,0,0,0,0,0,2.145,0.001,0.038,0.002,99.999,9.999,99.999,9.999,99.999,9.999,0.037,0.001,-0.045,-0.027,0,0.003,-0.004,-0.02, 0007900028,28
3.8,47.0435295,0,40.9560812,0,55990.6579,1.673,0,0,0,0,0,0,0,0,0,0,0,2.142,0.001,-0.028,0.001,99.999,9.999,-0.028,0.001,0.049,0.001,0.034,0.001,-0.045,-0.027,0,0.003,-0.004,-0.02, 0007900028,28
2.2,47.0422815,0,40.955044,0,56000.6302,1.681,0,0,0,0,0,0,0,0,0,0,0,2.145,0.001,0.006,0.002,99.999,9.999,-0.065,0.001,99.999,9.999,99.999,9.999,-0.036,-0.03,0,-0.012,-0.005,0.027, 0007900028,28
3,47.0429795,0,40.9562792,0,56000.6315,1.688,0,0,0,0,0,0,0,0,0,0,0,2.171,0.001,-0.021,0.002,99.999,9.999,-0.009,0.001,0.056,0.001,-0.002,0.001,-0.036,-0.03,0,-0.012,-0.005,0.027, 0007900028,28
0.6,47.042189,0,40.9554977,0,56001.6303,1.704,0,0,0,0,0,0,0,0,0,0,0,2.211,0.002,0.07,0.002,99.999,9.999,-0.027,0.002,0.071,0.003,0.032,0.002,0.44,-0.383,0,0.047,0.067,0.124, 0007900028,28
0.3,47.0422222,0,40.955575,0,56002.6256,1.683,0,0,0,0,0,0,0,0,0,0,0,2.155,0.001,0.005,0.001,99.999,9.999,-0.005,0.001,-0.001,0.001,-0.008,0.001,-0.032,-0.063,0,-0.013,0.015,0, 0000200009,28
0.5,47.0421777,0,40.9555225,0,56003.6242,1.697,0,0,0,0,0,0,0,0,0,0,0,2.298,0.001,-0.078,0.001,99.999,9.999,0.108,0.001,0.074,0.001,0.109,0.001,-0.095,-0.037,0,-0.053,-0.041,-0.028, 0007900002,28
0.5,47.0421783,0,40.9555238,0,56009.6096,1.718,0,0,0,0,0,0,0,0,0,0,0,2.236,0.001,-0.008,0.002,99.999,9.999,-0.045,0.001,0.013,0.001,-0.005,0.001,-0.083,-0.031,0,0.049,-0.014,0.001, 0000900002,28
0.4,47.0422333,0,40.9555433,0,56010.6037,1.684,0,0,0,0,0,0,0,0,0,0,0,2.199,0.001,-0.004,0.001,99.999,9.999,0.091,0.001,0.002,0.001,0.074,0.001,-0.059,-0.033,0,-0.021,0.016,0.007, 0000200009,28
0.3,47.0422237,0,40.9555825,0,56011.601,1.685,0,0,0,0,0,0,0,0,0,0,0,2.12,0.001,0.029,0.001,99.999,9.999,0.003,0.001,-0.001,0.001,0.005,0.001,-0.024,-0.056,0,0.004,0.018,0.015, 0000200009,28
0.3,47.0422,0,40.9555687,0,56013.5982,1.714,0,0,0,0,0,0,0,0,0,0,0,2.187,0.001,0.005,0.002,99.999,9.999,0.105,0.001,0.023,0.001,0.087,0.001,-0.056,-0.006,0,-0.04,0.03,0.026, 0000900002,28
0.5,47.0420898,0,40.9555467,0,56014.5986,1.748,0,0,0,0,0,0,0,0,0,0,0,2.146,0.001,0.015,0.002,99.999,9.999,0.063,0.001,0,0.001,0.068,0.001,-0.068,-0.052,0,-0.021,0.015,-0.016, 0000801747,28
0.4,47.042241,0,40.9555468,0,56015.6,1.798,0,0,0,0,0,0,0,0,0,0,0,2.807,0.002,0.05,0.003,99.999,9.999,0.045,0.003,0.09,0.003,0.126,0.003,-0.046,-0.007,0,-0.034,0.008,-0.026, 0000900002,28
0.4,47.0422093,0,40.9555358,0,56016.5915,1.731,0,0,0,0,0,0,0,0,0,0,0,2.14,0.001,-0.056,0.002,99.999,9.999,0.016,0.002,0.092,0.002,0.064,0.001,0.035,-0.035,0,0.024,-0.046,0.017, 0000200009,28
0.5,47.0422028,0,40.9555108,0,56017.5846,1.686,0,0,0,0,0,0,0,0,0,0,0,2.195,0.001,0.035,0.002,99.999,9.999,0.054,0.001,0.012,0.001,0.062,0.001,-0.048,-0.082,0,0.037,-0.02,0.015, 0000100050,28
1.2,47.042495,0,40.955384,0,56018.587,1.743,0,0,0,0,0,0,0,0,0,0,0,2.169,0.001,0.005,0.001,99.999,9.999,99.999,9.999,99.999,9.999,99.999,9.999,-0.026,-0.07,0,0,0,0, 0000100044,28
1.2,47.042176,0,40.955316,0,56018.5882,1.753,0,0,0,0,0,0,0,0,0,0,0,2.204,0.001,0.115,0.001,99.999,9.999,99.999,9.999,99.999,9.999,99.999,9.999,-0.091,-0.145,0,0,0,0, 0000100044,28
0.3,47.0423458,0,40.9556697,0,56659.6474,1.01,0,0,0,0,0,0,0,0,0,0,0,2.084,0.002,0.057,0.002,99.999,9.999,99.999,9.999,99.999,9.999,99.999,9.999,0.023,-0.137,0,0,0,0, 0000801930,28
0.1,47.0422303,0,40.955614,0,56902.8907,1.001,0,0,0,0,0,0,0,1,0,0,0,2.169,0.001,0.152,0.001,99.999,9.999,99.999,9.999,99.999,9.999,99.999,9.999,0.014,0.082,0,0,0,0, 0005600062,45
0.7,47.0422819,0,40.9558581,0,57036.754,1.076,0,0,0,0,0,0,0,0,0,0,0,2.173,0.002,0.012,0.002,99.999,9.999,99.999,9.999,99.999,9.999,99.999,9.999,0.268,-0.129,0,0,0,0, 0005600090,40
0.1,47.0421626,0,40.9556662,0,57046.7276,1.076,0,0,0,0,0,0,0,0,0,0,0,2.108,0.001,0.102,0.001,99.999,9.999,99.999,9.999,99.999,9.999,99.999,9.999,0.102,-0.149,0,0,0,0, 0005600090,40
